chunk_id,theta_deg,phi_deg,M,gmin_Ainv,r_mrad,inner_ring
event://0,178.46,139.77,1,49.6338,283.37,0
event://2,4.14,270.06,0,inf,inf,0
event://1,2.60,270.03,0,inf,inf,0
event://3,173.78,89.99,0,inf,inf,0
event://4,172.04,89.98,0,inf,inf,0
event://6,11.85,270.01,0,inf,inf,0
event://5,170.18,89.94,0,inf,inf,0
event://7,165.98,90.00,1,46.7851,267.11,0
event://8,15.69,270.03,0,inf,inf,0
event://9,17.59,270.01,0,inf,inf,0
event://11,21.45,270.03,0,inf,inf,0
event://10,160.27,90.00,0,inf,inf,0
event://12,23.61,270.11,0,inf,inf,0
event://15,150.59,89.97,1,46.8073,267.23,0
event://13,154.40,89.95,0,inf,inf,0
event://14,27.35,270.02,0,inf,inf,0
event://16,148.65,89.94,0,inf,inf,0
event://17,33.38,270.28,0,inf,inf,0
event://18,144.44,89.92,0,inf,inf,0
event://19,142.64,89.85,0,inf,inf,0
event://20,39.40,269.85,1,46.9375,267.98,0
event://23,2.60,270.03,0,inf,inf,0
event://21,41.17,269.86,0,inf,inf,0
event://22,136.70,90.08,0,inf,inf,0
event://24,175.37,89.37,0,inf,inf,0
event://25,173.92,88.42,0,inf,inf,0
event://26,173.52,91.06,0,inf,inf,0
event://27,8.05,271.11,0,inf,inf,0
event://28,170.12,90.18,0,inf,inf,0
event://30,165.95,90.41,0,inf,inf,0
event://29,168.05,90.02,1,48.6496,277.75,0
event://32,17.74,269.71,1,50.6866,289.38,0
event://31,164.20,90.30,0,inf,inf,0
event://33,160.27,89.93,0,inf,inf,0
event://34,158.24,90.01,0,inf,inf,0
event://35,23.62,269.81,1,49.8753,284.75,0
event://37,152.42,90.14,0,inf,inf,0
event://39,31.52,269.64,0,inf,inf,0
event://36,154.25,90.05,0,inf,inf,0
event://38,29.56,269.74,0,inf,inf,0
event://40,33.36,269.87,1,46.4735,265.33,0
event://41,35.50,269.71,0,inf,inf,0
event://48,174.45,88.70,0,inf,inf,0
event://47,6.06,271.74,0,inf,inf,0
event://46,175.86,90.06,0,inf,inf,0
event://49,172.52,85.41,0,inf,inf,0
event://42,142.58,89.98,0,inf,inf,0
event://45,136.71,90.02,0,inf,inf,0
event://44,41.32,269.93,0,inf,inf,0
event://43,140.66,90.05,0,inf,inf,0
event://50,170.81,92.28,0,inf,inf,0
event://51,10.50,269.24,0,inf,inf,0
event://52,12.48,269.75,1,48.1648,274.98,0
event://54,163.81,89.64,2,44.7207,255.32,0
event://53,165.75,90.15,0,inf,inf,0
event://58,156.23,90.00,0,inf,inf,0
event://56,19.95,270.00,2,49.2107,280.96,0
event://59,25.82,269.97,0,inf,inf,0
event://57,158.12,89.76,0,inf,inf,0
event://55,161.94,90.17,0,inf,inf,0
event://60,152.23,90.17,1,50.2516,286.90,0
event://61,150.28,90.27,0,inf,inf,0
event://62,31.70,270.13,0,inf,inf,0
event://63,33.59,270.21,0,inf,inf,0
event://64,144.39,89.93,0,inf,inf,0
event://66,140.64,89.91,0,inf,inf,0
event://65,37.38,270.06,0,inf,inf,0
event://67,41.34,270.11,0,inf,inf,0
event://69,173.78,89.99,0,inf,inf,0
event://71,172.44,95.14,0,inf,inf,0
event://72,9.39,269.75,0,inf,inf,0
event://68,136.67,90.20,0,inf,inf,0
event://70,6.48,269.01,0,inf,inf,0
event://73,9.58,266.43,0,inf,inf,0
event://74,10.97,269.26,1,50.5838,288.79,0
event://75,166.84,89.89,0,inf,inf,0
event://76,14.79,269.66,0,inf,inf,0
event://79,159.42,89.95,0,inf,inf,0
event://77,163.54,89.83,1,50.0683,285.85,0
event://78,161.41,89.95,0,inf,inf,0
event://80,157.80,90.31,0,inf,inf,0
event://82,26.34,270.13,0,inf,inf,0
event://81,155.77,90.26,0,inf,inf,0
event://84,150.33,90.34,0,inf,inf,0
event://85,148.03,89.89,0,inf,inf,0
event://86,33.86,270.11,0,inf,inf,0
event://83,151.98,89.89,0,inf,inf,0
event://87,144.43,89.75,0,inf,inf,0
event://95,170.37,94.28,0,inf,inf,0
event://90,41.41,269.92,0,inf,inf,0
event://91,136.62,90.00,0,inf,inf,0
event://88,37.62,269.98,0,inf,inf,0
event://89,39.58,269.82,0,inf,inf,0
event://92,7.96,269.98,0,inf,inf,0
event://94,170.82,87.77,0,inf,inf,0
event://93,171.94,88.92,0,inf,inf,0
event://96,168.84,91.04,0,inf,inf,0
event://97,13.22,267.49,0,inf,inf,0
event://98,165.52,90.46,1,47.1633,269.27,0
event://99,164.31,90.03,0,inf,inf,0
event://100,17.36,269.37,1,44.3733,253.34,0
event://102,158.99,89.96,0,inf,inf,0
event://101,18.99,270.11,1,49.8308,284.50,0
event://103,157.20,90.03,0,inf,inf,0
event://104,155.32,90.04,0,inf,inf,0
event://107,29.98,270.15,0,inf,inf,0
event://106,28.25,269.95,0,inf,inf,0
event://105,153.48,89.96,0,inf,inf,0
event://108,147.90,89.86,0,inf,inf,0
event://110,36.23,270.03,0,inf,inf,0
event://109,34.07,270.09,0,inf,inf,0
event://114,136.48,89.78,0,inf,inf,0
event://113,41.64,270.17,0,inf,inf,0
event://112,39.73,270.03,0,inf,inf,0
event://111,37.83,270.18,0,inf,inf,0
event://117,169.49,90.79,3,46.8307,267.37,0
event://115,9.82,269.94,0,inf,inf,0
event://116,9.82,270.11,0,inf,inf,0
event://120,166.42,89.88,1,48.9914,279.70,0
event://119,166.77,92.49,0,inf,inf,0
event://118,168.94,90.69,0,inf,inf,0
event://121,164.88,87.85,0,inf,inf,0
event://122,16.61,269.72,0,inf,inf,0
event://123,161.68,90.14,0,inf,inf,0
event://124,19.96,269.67,0,inf,inf,0
event://129,28.83,270.19,0,inf,inf,0
event://125,21.71,269.93,0,inf,inf,0
event://130,30.56,269.92,0,inf,inf,0
event://126,23.43,270.22,0,inf,inf,0
event://127,25.08,270.02,0,inf,inf,0
event://128,26.96,270.00,0,inf,inf,0
event://133,36.07,269.83,0,inf,inf,0
event://131,147.52,89.83,0,inf,inf,0
event://132,145.63,90.01,0,inf,inf,0
event://136,41.78,269.57,0,inf,inf,0
event://137,136.28,90.34,0,inf,inf,0
event://134,38.05,269.95,1,50.5463,288.58,0
event://135,39.76,269.96,0,inf,inf,0
event://138,11.85,270.01,0,inf,inf,0
event://144,163.63,90.15,0,inf,inf,0
event://139,11.95,269.98,0,inf,inf,0
event://143,164.91,91.96,0,inf,inf,0
event://145,162.42,89.59,0,inf,inf,0
event://140,167.53,90.25,1,50.6833,289.36,0
event://141,166.84,90.14,0,inf,inf,0
event://142,14.50,269.61,0,inf,inf,0
event://146,19.29,271.05,0,inf,inf,0
event://147,159.45,90.15,0,inf,inf,0
event://148,157.50,89.86,0,inf,inf,0
event://152,29.46,270.01,0,inf,inf,0
event://150,154.16,90.11,0,inf,inf,0
event://151,152.39,90.10,2,47.6633,272.12,0
event://149,155.86,89.89,0,inf,inf,0
event://153,148.80,90.03,0,inf,inf,0
event://154,147.12,90.12,0,inf,inf,0
event://156,36.43,269.69,0,inf,inf,0
event://157,38.35,269.81,0,inf,inf,0
event://155,145.30,90.10,0,inf,inf,0
event://158,40.18,270.27,0,inf,inf,0
event://159,42.16,269.74,0,inf,inf,0
event://160,43.88,270.14,0,inf,inf,0
event://161,165.98,90.00,1,46.7851,267.11,0
event://162,14.03,269.64,0,inf,inf,0
event://167,162.39,90.42,0,inf,inf,0
event://168,19.14,271.98,0,inf,inf,0
event://166,163.38,90.25,0,inf,inf,0
event://169,159.33,88.90,0,inf,inf,0
event://165,164.30,89.95,1,49.2529,281.20,0
event://164,165.21,90.32,0,inf,inf,0
event://163,165.72,89.86,0,inf,inf,0
event://170,21.76,269.97,0,inf,inf,0
event://171,156.61,90.27,0,inf,inf,0
event://172,25.11,269.93,1,49.9589,285.23,0
event://174,28.26,270.19,0,inf,inf,0
event://175,30.06,270.71,0,inf,inf,0
event://173,26.54,270.02,0,inf,inf,0
event://178,144.87,89.91,0,inf,inf,0
event://177,33.29,270.02,1,45.3879,259.13,0
event://180,141.16,90.08,0,inf,inf,0
event://179,36.78,269.89,0,inf,inf,0
event://176,31.57,270.05,0,inf,inf,0
event://181,139.36,89.96,0,inf,inf,0
event://182,137.55,90.00,0,inf,inf,0
event://183,135.88,90.09,0,inf,inf,0
event://184,15.69,270.03,0,inf,inf,0
event://189,161.69,89.79,0,inf,inf,0
event://190,160.69,88.78,0,inf,inf,0
event://191,159.27,91.07,0,inf,inf,0
event://186,163.82,90.36,0,inf,inf,0
event://188,17.35,270.65,0,inf,inf,0
event://187,16.46,270.17,0,inf,inf,0
event://185,164.18,89.74,0,inf,inf,0
event://192,21.84,270.00,0,inf,inf,0
event://193,23.90,270.68,0,inf,inf,0
event://194,25.03,270.65,0,inf,inf,0
event://195,26.11,270.02,0,inf,inf,0
event://197,150.83,89.91,0,inf,inf,0
event://196,152.59,89.64,0,inf,inf,0
event://198,30.55,269.74,1,48.8486,278.89,0
event://201,35.76,269.81,0,inf,inf,0
event://200,33.95,270.23,0,inf,inf,0
event://202,142.19,90.09,0,inf,inf,0
event://199,147.74,90.02,0,inf,inf,0
event://203,39.16,270.08,1,44.9975,256.90,0
event://204,138.99,89.95,1,47.8280,273.06,0
event://205,137.35,89.94,0,inf,inf,0
event://207,17.59,270.01,0,inf,inf,0
event://206,135.57,89.92,0,inf,inf,0
event://208,17.75,270.28,3,47.2895,269.99,0
event://212,160.04,90.31,1,50.4974,288.30,0
event://211,18.99,269.88,0,inf,inf,0
event://209,161.94,89.84,1,46.3529,264.64,0
event://210,161.43,89.99,0,inf,inf,0
event://216,155.61,90.72,1,46.5177,265.58,0
event://215,156.21,89.35,0,inf,inf,0
event://213,159.45,89.86,1,45.8990,262.05,0
event://214,21.74,270.02,0,inf,inf,0
event://217,24.92,271.68,0,inf,inf,0
event://218,152.97,90.15,0,inf,inf,0
event://219,28.59,270.33,0,inf,inf,0
event://220,29.85,269.97,0,inf,inf,0
event://223,145.23,90.50,0,inf,inf,0
event://222,32.87,269.87,0,inf,inf,0
event://224,36.26,270.25,0,inf,inf,0
event://221,31.51,269.90,0,inf,inf,0
event://225,37.88,270.11,0,inf,inf,0
event://226,39.79,269.86,0,inf,inf,0
event://227,41.34,269.93,1,43.4435,248.03,0
event://229,44.78,270.04,0,inf,inf,0
event://230,19.73,270.00,0,inf,inf,0
event://228,136.94,90.19,0,inf,inf,0
event://231,160.27,90.02,0,inf,inf,0
event://233,159.41,90.05,1,50.7750,289.89,0
event://232,19.95,270.01,0,inf,inf,0
event://234,159.00,90.00,0,inf,inf,0
event://236,157.50,90.02,0,inf,inf,0
event://239,155.08,88.40,1,45.1614,257.84,0
event://237,156.65,89.73,0,inf,inf,0
event://238,154.96,89.38,0,inf,inf,0
event://240,152.88,89.66,0,inf,inf,0
event://235,21.70,269.96,0,inf,inf,0
event://241,28.46,269.01,0,inf,inf,0
event://242,29.99,269.85,0,inf,inf,0
event://243,30.77,270.33,0,inf,inf,0
event://244,147.68,90.06,0,inf,inf,0
event://245,33.88,270.12,1,45.6039,260.36,0
event://246,144.79,89.88,0,inf,inf,0
event://247,37.06,269.68,0,inf,inf,0
event://248,38.46,269.91,1,49.6601,283.52,0
event://250,138.10,90.33,0,inf,inf,0
event://249,39.99,270.10,2,43.7263,249.64,0
event://253,21.45,270.03,0,inf,inf,0
event://252,134.82,89.85,1,46.3114,264.40,0
event://251,43.51,270.03,1,48.4421,276.57,0
event://254,158.23,90.01,1,46.7372,266.83,0
event://255,21.88,270.19,0,inf,inf,0
event://256,157.82,89.64,0,inf,inf,0
event://258,156.58,89.92,0,inf,inf,0
event://257,157.20,90.00,0,inf,inf,0
event://260,154.88,90.12,0,inf,inf,0
event://261,153.82,89.79,0,inf,inf,0
event://262,152.95,89.86,0,inf,inf,0
event://263,28.61,270.80,1,50.7486,289.74,0
event://259,24.16,270.17,0,inf,inf,0
event://264,30.30,270.46,1,50.7673,289.84,0
event://265,149.52,89.94,0,inf,inf,0
event://266,148.41,89.22,1,49.5258,282.75,0
event://267,146.84,90.01,0,inf,inf,0
event://268,34.44,270.11,0,inf,inf,0
event://269,143.86,89.93,0,inf,inf,0
event://271,39.13,269.96,0,inf,inf,0
event://270,37.53,269.95,0,inf,inf,0
event://273,137.67,90.06,0,inf,inf,0
event://272,40.70,269.90,0,inf,inf,0
event://274,43.98,269.86,0,inf,inf,0
event://276,156.39,90.11,0,inf,inf,0
event://275,45.58,269.99,0,inf,inf,0
event://278,23.74,269.99,0,inf,inf,0
event://277,23.63,270.22,0,inf,inf,0
event://280,24.68,269.94,0,inf,inf,0
event://279,155.75,89.87,0,inf,inf,0
event://282,25.83,269.91,1,49.7594,284.09,0
event://281,25.09,270.01,1,45.4660,259.58,0
event://283,26.56,269.96,1,49.3103,281.52,0
event://284,152.63,90.17,1,50.7827,289.93,0
event://287,30.56,270.35,0,inf,inf,0
event://286,149.98,90.32,0,inf,inf,0
event://285,28.60,269.69,0,inf,inf,0
event://288,32.18,269.93,0,inf,inf,0
event://289,146.65,90.46,0,inf,inf,0
event://290,34.50,269.90,1,44.6740,255.05,0
event://291,35.12,269.72,0,inf,inf,0
event://292,142.95,89.99,0,inf,inf,0
event://294,39.89,270.04,0,inf,inf,0
event://296,43.10,269.80,1,47.0104,268.39,0
event://293,141.63,90.07,1,50.7357,289.66,0
event://297,44.39,270.08,0,inf,inf,0
event://295,41.37,270.03,1,44.0631,251.57,0
event://298,45.98,269.91,0,inf,inf,0
event://299,154.40,89.95,0,inf,inf,0
event://301,25.83,269.97,0,inf,inf,0
event://300,154.17,90.05,0,inf,inf,0
event://302,26.32,269.96,0,inf,inf,0
event://304,26.97,269.99,1,49.5416,282.84,0
event://306,28.28,269.81,0,inf,inf,0
event://307,29.15,269.99,0,inf,inf,0
event://303,26.52,270.00,0,inf,inf,0
event://305,27.60,269.86,0,inf,inf,0
event://308,150.20,90.22,1,45.0856,257.40,0
event://309,30.74,269.63,0,inf,inf,0
event://310,31.59,270.78,0,inf,inf,0
event://312,35.45,270.08,0,inf,inf,0
event://313,35.31,269.50,0,inf,inf,0
event://311,33.35,269.29,0,inf,inf,0
event://314,36.50,270.53,0,inf,inf,0
event://315,142.12,89.75,0,inf,inf,0
event://316,39.20,270.17,0,inf,inf,0
event://320,135.07,89.85,0,inf,inf,0
event://317,139.47,89.95,0,inf,inf,0
event://319,43.57,270.02,1,46.2235,263.90,0
event://318,42.04,270.03,0,inf,inf,0
event://321,133.59,90.00,0,inf,inf,0
event://322,152.65,90.02,0,inf,inf,0
event://323,27.57,269.91,0,inf,inf,0
event://327,28.88,269.95,0,inf,inf,0
event://324,27.76,269.80,0,inf,inf,0
event://328,150.54,90.13,0,inf,inf,0
event://326,28.28,270.15,0,inf,inf,0
event://329,149.92,89.37,0,inf,inf,0
event://330,149.36,90.24,0,inf,inf,0
event://325,151.99,90.09,0,inf,inf,0
event://336,37.48,270.06,0,inf,inf,0
event://335,144.62,90.42,0,inf,inf,0
event://332,32.35,269.98,0,inf,inf,0
event://331,31.50,270.11,0,inf,inf,0
event://337,37.40,269.35,1,44.9781,256.79,0
event://334,145.49,90.10,0,inf,inf,0
event://333,146.89,89.88,0,inf,inf,0
event://338,38.67,270.06,0,inf,inf,0
event://339,140.01,90.20,0,inf,inf,0
event://340,41.33,269.96,0,inf,inf,0
event://343,134.26,90.00,0,inf,inf,0
event://345,29.41,269.97,1,46.8073,267.23,0
event://341,137.30,90.00,0,inf,inf,0
event://342,44.15,270.10,0,inf,inf,0
event://344,133.04,89.99,0,inf,inf,0
event://346,29.64,270.25,0,inf,inf,0
event://348,150.33,89.79,0,inf,inf,0
event://347,150.10,90.04,1,46.5826,265.95,0
event://349,30.03,269.92,0,inf,inf,0
event://350,149.19,90.08,1,44.6700,255.03,0
event://351,148.77,89.98,0,inf,inf,0
event://353,147.74,89.97,1,49.2786,281.34,0
event://352,31.56,269.91,0,inf,inf,0
event://354,147.19,90.13,0,inf,inf,0
event://355,33.86,270.11,0,inf,inf,0
event://359,37.39,270.66,0,inf,inf,0
event://358,143.49,89.95,0,inf,inf,0
event://356,34.52,269.92,0,inf,inf,0
event://357,35.12,270.28,1,45.7537,261.22,0
event://360,38.74,270.14,0,inf,inf,0
event://361,40.62,267.89,0,inf,inf,0
event://362,41.05,269.95,0,inf,inf,0
event://363,137.76,90.40,1,43.6475,249.19,0
event://364,136.55,89.93,0,inf,inf,0
event://367,132.32,90.02,0,inf,inf,0
event://366,46.38,270.06,0,inf,inf,0
event://368,148.65,89.94,0,inf,inf,0
event://365,135.06,89.84,0,inf,inf,0
event://369,31.50,270.30,0,inf,inf,0
event://370,31.71,269.96,0,inf,inf,0
event://371,31.99,270.13,0,inf,inf,0
event://373,32.47,270.28,0,inf,inf,0
event://377,34.73,269.71,0,inf,inf,0
event://372,147.83,90.07,0,inf,inf,0
event://376,33.97,269.75,0,inf,inf,0
event://374,147.09,89.91,0,inf,inf,0
event://378,144.89,90.03,0,inf,inf,0
event://375,146.70,89.93,0,inf,inf,0
event://384,40.18,269.87,0,inf,inf,0
event://383,139.28,91.96,0,inf,inf,0
event://382,141.33,89.95,0,inf,inf,0
event://381,37.99,270.10,0,inf,inf,0
event://379,36.14,269.88,0,inf,inf,0
event://385,137.72,89.82,1,49.0683,280.14,0
event://380,143.01,90.05,0,inf,inf,0
event://386,136.41,89.78,1,46.4148,264.99,0
event://387,44.35,269.84,0,inf,inf,0
event://388,134.44,90.16,0,inf,inf,0
event://390,131.88,89.93,0,inf,inf,0
event://389,46.77,269.99,0,inf,inf,0
event://391,33.38,270.28,0,inf,inf,0
event://393,146.47,89.77,0,inf,inf,0
event://392,33.36,270.19,0,inf,inf,0
event://394,33.91,269.81,0,inf,inf,0
event://399,35.86,270.04,0,inf,inf,0
event://396,34.34,270.05,0,inf,inf,0
event://395,34.03,269.85,0,inf,inf,0
event://400,143.75,89.78,0,inf,inf,0
event://398,35.16,270.15,0,inf,inf,0
event://397,145.35,89.80,0,inf,inf,0
event://401,143.06,90.04,0,inf,inf,0
event://407,42.42,270.26,0,inf,inf,0
event://402,37.55,270.03,1,48.7246,278.18,0
event://408,136.31,89.83,0,inf,inf,0
event://406,41.07,270.09,0,inf,inf,0
event://405,140.12,89.68,0,inf,inf,0
event://404,140.84,89.87,0,inf,inf,0
event://409,135.64,90.00,0,inf,inf,0
event://403,38.35,269.93,0,inf,inf,0
event://410,45.38,269.83,0,inf,inf,0
event://411,133.59,90.01,0,inf,inf,0
event://412,47.63,269.99,0,inf,inf,0
event://413,48.98,269.97,0,inf,inf,0
event://414,35.56,269.92,0,inf,inf,0
event://415,35.49,270.26,0,inf,inf,0
event://417,35.60,269.93,0,inf,inf,0
event://416,35.66,270.02,0,inf,inf,0
event://418,36.07,269.93,1,48.4405,276.56,0
event://419,143.89,90.17,0,inf,inf,0
event://420,36.41,270.31,0,inf,inf,0
event://422,37.91,269.87,1,50.0163,285.55,0
event://421,36.77,270.08,0,inf,inf,0
event://423,37.80,269.91,2,46.5395,265.70,0
event://425,39.16,270.00,0,inf,inf,0
event://424,141.56,90.03,0,inf,inf,0
event://426,140.16,89.98,0,inf,inf,0
event://428,41.34,270.02,1,46.9201,267.88,0
event://430,136.28,90.28,0,inf,inf,0
event://431,135.56,90.09,0,inf,inf,0
event://429,42.25,269.58,0,inf,inf,0
event://427,40.52,270.03,0,inf,inf,0
event://432,45.26,270.00,0,inf,inf,0
event://433,133.97,89.96,0,inf,inf,0
event://434,132.95,90.32,0,inf,inf,0
event://435,131.56,90.10,0,inf,inf,0
event://436,130.46,90.05,0,inf,inf,0
event://437,37.36,269.85,0,inf,inf,0
event://439,37.37,269.85,1,49.1147,280.41,0
event://438,37.38,270.10,0,inf,inf,0
event://440,142.44,90.08,0,inf,inf,0
event://441,142.20,89.85,0,inf,inf,0
event://443,38.43,270.24,1,45.3605,258.97,0
event://444,141.09,89.88,0,inf,inf,0
event://442,38.08,270.07,0,inf,inf,0
event://445,140.84,89.95,0,inf,inf,0
event://446,140.33,90.48,0,inf,inf,0
event://447,39.98,269.95,0,inf,inf,0
event://448,40.74,270.26,0,inf,inf,0
event://452,43.42,269.99,0,inf,inf,0
event://453,135.60,90.20,0,inf,inf,0
event://451,137.30,90.01,0,inf,inf,0
event://449,41.39,269.96,0,inf,inf,0
event://454,45.36,270.21,0,inf,inf,0
event://450,42.00,269.95,0,inf,inf,0
event://455,45.91,270.12,1,49.6222,283.30,0
event://456,48.04,269.70,0,inf,inf,0
event://457,48.86,270.71,0,inf,inf,0
event://458,130.81,90.23,0,inf,inf,0
event://459,50.33,270.06,0,inf,inf,0
event://460,140.60,89.85,1,46.9375,267.98,0
event://462,39.36,270.02,0,inf,inf,0
event://461,39.34,269.99,0,inf,inf,0
event://465,39.86,269.89,0,inf,inf,0
event://463,140.42,90.18,0,inf,inf,0
event://464,39.72,270.02,0,inf,inf,0
event://466,139.74,89.65,0,inf,inf,0
event://467,139.31,89.83,0,inf,inf,0
event://468,139.01,90.09,0,inf,inf,0
event://471,137.69,89.99,0,inf,inf,0
event://469,41.34,269.94,0,inf,inf,0
event://470,41.93,269.56,0,inf,inf,0
event://472,136.94,90.22,0,inf,inf,0
event://473,136.46,89.94,0,inf,inf,0
event://474,135.86,89.92,0,inf,inf,0
event://479,131.23,89.62,0,inf,inf,0
event://480,130.35,89.74,0,inf,inf,0
event://475,44.76,270.06,0,inf,inf,0
event://478,47.05,269.71,1,49.9858,285.38,0
event://476,45.58,269.90,0,inf,inf,0
event://477,133.57,90.03,0,inf,inf,0
event://481,129.93,89.82,0,inf,inf,0
event://482,128.74,90.20,0,inf,inf,0
event://483,138.83,89.86,0,inf,inf,0
event://486,41.38,270.10,1,47.7171,272.43,0
event://488,138.18,90.34,0,inf,inf,0
event://487,41.65,269.87,0,inf,inf,0
event://489,138.08,90.34,0,inf,inf,0
event://485,138.64,89.81,0,inf,inf,0
event://484,41.30,269.94,0,inf,inf,0
event://490,137.58,90.09,0,inf,inf,0
event://491,137.36,90.08,0,inf,inf,0
event://495,44.46,270.15,0,inf,inf,0
event://492,136.81,89.91,0,inf,inf,0
event://497,45.66,270.08,0,inf,inf,0
event://496,135.10,90.28,0,inf,inf,0
event://493,43.48,270.33,0,inf,inf,0
event://494,43.90,270.24,0,inf,inf,0
event://498,133.67,89.86,0,inf,inf,0
event://504,51.13,269.84,0,inf,inf,0
event://503,50.11,270.25,0,inf,inf,0
event://505,128.09,90.39,0,inf,inf,0
event://499,46.76,269.98,1,48.9576,279.51,0
event://502,130.87,89.76,0,inf,inf,0
event://500,132.37,90.04,0,inf,inf,0
event://501,131.54,89.84,0,inf,inf,0
event://506,136.70,90.08,0,inf,inf,0
event://510,43.53,270.27,0,inf,inf,0
event://509,136.60,90.16,0,inf,inf,0
event://511,136.21,89.67,0,inf,inf,0
event://507,43.27,270.03,0,inf,inf,0
event://513,44.12,269.95,0,inf,inf,0
event://512,43.90,269.84,1,49.3793,281.92,0
event://508,43.38,269.83,1,50.7949,290.00,0
event://514,44.43,270.13,0,inf,inf,0
event://516,134.82,90.01,0,inf,inf,0
event://515,44.77,269.95,1,47.7452,272.59,0
event://517,134.42,90.03,0,inf,inf,0
event://518,133.98,90.04,0,inf,inf,0
event://521,47.68,269.89,0,inf,inf,0
event://520,132.94,90.05,0,inf,inf,0
event://519,133.59,89.98,0,inf,inf,0
event://522,48.19,270.10,0,inf,inf,0
event://528,126.69,89.81,0,inf,inf,0
event://527,127.98,89.59,0,inf,inf,0
event://523,131.02,90.05,0,inf,inf,0
event://524,49.53,269.86,0,inf,inf,0
event://526,51.27,269.81,0,inf,inf,0
event://525,50.36,269.96,0,inf,inf,0
event://529,134.81,90.14,0,inf,inf,0
event://532,45.36,270.03,1,44.0561,251.53,0
event://530,45.25,269.99,0,inf,inf,0
event://533,45.42,270.10,0,inf,inf,0
event://531,45.24,269.92,0,inf,inf,0
event://534,134.40,90.12,0,inf,inf,0
event://535,45.82,269.87,0,inf,inf,0
event://536,133.99,89.91,0,inf,inf,0
event://537,46.27,269.98,1,48.8482,278.89,0
event://539,46.87,270.04,0,inf,inf,0
event://540,132.79,90.02,0,inf,inf,0
event://538,46.47,269.97,0,inf,inf,0
event://542,48.05,269.98,0,inf,inf,0
event://541,132.43,89.98,0,inf,inf,0
event://543,131.44,89.98,0,inf,inf,0
event://544,49.09,269.96,0,inf,inf,0
event://545,49.60,269.99,0,inf,inf,0
event://551,54.43,269.79,0,inf,inf,0
event://547,128.91,90.07,1,48.8792,279.06,0
event://546,50.27,270.02,0,inf,inf,0
event://548,128.64,90.04,0,inf,inf,0
event://550,53.04,270.06,0,inf,inf,0
event://549,127.74,90.12,0,inf,inf,0
event://552,132.81,89.83,0,inf,inf,0
event://553,47.18,270.00,0,inf,inf,0
event://554,132.90,89.88,0,inf,inf,0
event://555,132.82,90.03,0,inf,inf,0
event://556,132.63,90.02,0,inf,inf,0
event://557,132.48,89.92,1,46.8152,267.28,0
event://559,132.10,90.13,1,45.2957,258.60,0
event://558,132.27,89.89,0,inf,inf,0
event://560,131.82,90.06,0,inf,inf,0
event://561,48.34,270.07,1,48.7020,278.05,0
event://563,130.81,89.98,0,inf,inf,0
event://562,48.77,270.01,0,inf,inf,0
event://566,129.49,90.09,0,inf,inf,0
event://565,50.00,269.82,0,inf,inf,0
event://567,50.97,269.97,0,inf,inf,0
event://564,130.51,90.00,0,inf,inf,0
event://568,51.59,270.00,0,inf,inf,0
event://571,126.48,90.11,0,inf,inf,0
event://570,52.79,269.99,0,inf,inf,0
event://569,52.13,269.98,0,inf,inf,0
event://574,124.25,90.03,0,inf,inf,0
event://572,54.24,269.75,0,inf,inf,0
event://573,125.02,89.92,0,inf,inf,0
event://575,48.94,270.00,0,inf,inf,0
event://576,49.24,270.10,0,inf,inf,0
event://577,130.82,89.69,0,inf,inf,0
event://578,130.71,89.85,0,inf,inf,0
event://580,49.49,269.94,0,inf,inf,0
event://579,49.32,269.96,0,inf,inf,0
event://582,49.84,270.12,0,inf,inf,0
event://581,49.69,270.02,1,44.0670,251.59,0
event://583,129.96,90.07,0,inf,inf,0
event://585,50.72,270.10,0,inf,inf,0
event://584,50.45,270.05,0,inf,inf,0
event://587,128.55,90.05,0,inf,inf,0
event://588,128.06,90.03,0,inf,inf,0
event://586,51.15,269.90,1,44.7343,255.40,0
event://589,52.45,269.94,0,inf,inf,0
event://590,127.09,90.02,1,44.8981,256.33,0
event://591,53.43,270.05,0,inf,inf,0
event://597,57.30,270.49,0,inf,inf,0
event://593,125.29,90.05,0,inf,inf,0
event://595,124.13,89.76,1,50.6198,289.00,0
event://596,123.07,89.92,0,inf,inf,0
event://594,124.73,90.02,0,inf,inf,0
event://598,129.06,89.99,0,inf,inf,0
event://592,125.92,90.01,0,inf,inf,0
event://599,51.20,269.96,1,47.8567,273.23,0
event://600,51.09,269.98,1,46.5561,265.80,0
event://604,128.41,90.22,0,inf,inf,0
event://603,128.61,89.89,1,47.2505,269.76,0
event://601,51.19,270.04,0,inf,inf,0
event://602,128.82,89.99,0,inf,inf,0
event://605,51.82,269.90,1,46.2522,264.06,0
event://607,127.70,90.01,0,inf,inf,0
event://606,52.11,270.06,0,inf,inf,0
event://608,52.66,269.94,0,inf,inf,0
event://610,53.47,269.88,0,inf,inf,0
event://612,54.33,269.95,0,inf,inf,0
event://611,53.87,269.96,0,inf,inf,0
event://609,126.96,89.93,0,inf,inf,0
event://614,124.55,90.05,0,inf,inf,0
event://615,55.93,270.03,0,inf,inf,0
event://616,56.54,270.00,0,inf,inf,0
event://620,59.65,269.61,0,inf,inf,0
event://613,54.74,270.05,0,inf,inf,0
event://617,122.81,90.01,0,inf,inf,0
event://619,121.62,90.10,0,inf,inf,0
event://618,57.83,270.08,0,inf,inf,0
event://621,52.87,270.02,0,inf,inf,0
event://622,126.98,90.39,0,inf,inf,0
event://623,53.12,269.92,1,44.7955,255.75,0
event://624,53.15,269.91,1,48.5136,276.98,0
event://627,53.70,270.18,0,inf,inf,0
event://628,53.82,269.96,0,inf,inf,0
event://625,126.77,89.99,0,inf,inf,0
event://626,53.32,269.96,1,47.8765,273.34,0
event://629,53.97,270.08,0,inf,inf,0
event://630,54.34,270.12,0,inf,inf,0
event://631,54.54,269.87,0,inf,inf,0
event://632,124.98,90.13,0,inf,inf,0
event://633,55.27,270.15,0,inf,inf,0
event://634,55.77,269.94,0,inf,inf,0
event://635,56.16,270.03,0,inf,inf,0
event://637,122.85,90.05,0,inf,inf,0
event://638,57.73,269.90,0,inf,inf,0
event://636,56.60,270.01,0,inf,inf,0
event://639,121.66,90.02,1,46.1353,263.40,0
event://641,120.27,89.97,0,inf,inf,0
event://643,61.28,269.94,0,inf,inf,0
event://642,119.60,89.94,0,inf,inf,0
event://640,121.01,90.06,0,inf,inf,0
event://644,54.87,270.01,1,47.6854,272.25,0
event://646,124.89,89.94,0,inf,inf,0
event://645,54.94,269.96,0,inf,inf,0
event://647,55.10,269.76,0,inf,inf,0
event://650,124.49,89.88,0,inf,inf,0
event://648,55.18,269.96,0,inf,inf,0
event://649,55.35,269.86,0,inf,inf,0
event://651,124.30,89.87,0,inf,inf,0
event://652,124.08,90.02,0,inf,inf,0
event://654,123.64,90.04,0,inf,inf,0
event://653,56.20,270.10,0,inf,inf,0
event://655,56.90,269.95,0,inf,inf,0
event://656,122.81,90.00,0,inf,inf,0
event://657,57.60,269.98,0,inf,inf,0
event://659,121.57,90.02,0,inf,inf,0
event://658,58.04,270.03,0,inf,inf,0
event://661,59.67,269.86,0,inf,inf,0
event://660,120.94,90.03,0,inf,inf,0
event://662,60.17,270.01,0,inf,inf,0
event://663,119.23,90.03,0,inf,inf,0
event://666,63.51,270.28,0,inf,inf,0
event://664,118.57,89.98,0,inf,inf,0
event://665,117.93,90.34,0,inf,inf,0
event://667,123.04,90.01,0,inf,inf,0
event://669,56.83,269.96,0,inf,inf,0
event://668,56.92,270.05,0,inf,inf,0
event://670,57.12,270.28,0,inf,inf,0
event://671,122.91,89.89,0,inf,inf,0
event://674,122.42,90.00,1,49.6894,283.69,0
event://672,57.18,269.93,0,inf,inf,0
event://673,57.43,269.95,0,inf,inf,0
event://675,122.12,90.03,0,inf,inf,0
event://676,58.13,270.05,1,45.5704,260.17,0
event://677,121.65,90.07,0,inf,inf,0
event://678,121.30,89.95,0,inf,inf,0
event://679,120.87,90.02,0,inf,inf,0
event://682,60.45,269.99,0,inf,inf,0
event://680,120.53,89.97,0,inf,inf,0
event://681,59.88,269.92,0,inf,inf,0
event://683,60.82,270.06,0,inf,inf,0
event://684,61.37,270.01,0,inf,inf,0
event://689,115.28,90.01,0,inf,inf,0
event://685,118.12,90.03,0,inf,inf,0
event://686,62.52,270.03,0,inf,inf,0
event://687,63.03,270.00,1,49.0303,279.93,0
event://688,63.87,269.78,0,inf,inf,0
event://690,121.12,90.00,0,inf,inf,0
event://693,59.08,270.02,0,inf,inf,0
event://694,59.21,270.05,0,inf,inf,0
event://691,121.14,89.99,0,inf,inf,0
event://692,121.11,89.99,0,inf,inf,0
event://695,120.85,89.92,2,45.4813,259.66,0
event://697,120.39,89.98,0,inf,inf,0
event://696,59.37,270.04,1,50.7671,289.84,0
event://698,120.24,90.02,0,inf,inf,0
event://700,60.31,269.99,0,inf,inf,0
event://699,119.98,90.05,1,48.6138,277.55,0
event://701,60.64,269.94,0,inf,inf,0
event://703,61.35,270.01,1,48.2188,275.29,0
event://702,119.03,90.03,1,47.9204,273.59,0
event://704,118.26,90.06,0,inf,inf,0
event://705,62.26,269.96,0,inf,inf,0
event://706,117.33,90.03,0,inf,inf,0
event://712,113.68,90.40,0,inf,inf,0
event://711,114.50,90.11,0,inf,inf,0
event://708,116.25,89.97,0,inf,inf,0
event://710,64.88,270.09,0,inf,inf,0
event://709,115.71,90.02,0,inf,inf,0
event://707,116.87,90.03,0,inf,inf,0
event://713,60.77,269.98,1,50.7805,289.92,0
event://714,119.18,90.02,0,inf,inf,0
event://717,118.96,90.08,0,inf,inf,0
event://718,118.93,90.10,0,inf,inf,0
event://716,119.01,89.95,0,inf,inf,0
event://715,60.83,269.97,0,inf,inf,0
event://719,118.67,89.98,0,inf,inf,0
event://720,118.51,89.99,1,49.9979,285.45,0
event://721,118.26,90.03,0,inf,inf,0
event://726,116.72,90.00,0,inf,inf,0
event://724,62.50,269.85,0,inf,inf,0
event://725,117.17,90.07,0,inf,inf,0
event://723,117.77,89.90,0,inf,inf,0
event://722,118.04,89.97,0,inf,inf,0
event://728,115.97,90.00,0,inf,inf,0
event://727,63.65,269.94,1,44.9871,256.84,0
event://729,115.52,90.04,1,46.6054,266.08,0
event://731,114.56,89.95,0,inf,inf,0
event://733,113.49,90.06,0,inf,inf,0
event://734,112.95,89.98,0,inf,inf,0
event://735,67.87,270.08,0,inf,inf,0
event://730,115.03,90.06,0,inf,inf,0
event://732,114.07,90.02,0,inf,inf,0
event://736,62.69,270.01,0,inf,inf,0
event://741,63.19,270.00,0,inf,inf,0
event://740,117.04,89.93,0,inf,inf,0
event://739,62.83,269.97,0,inf,inf,0
event://737,117.23,90.01,0,inf,inf,0
event://742,63.21,269.93,0,inf,inf,0
event://738,62.83,269.99,0,inf,inf,0
event://743,116.56,90.03,0,inf,inf,0
event://744,116.31,90.05,0,inf,inf,0
event://745,63.92,270.03,0,inf,inf,0
event://746,115.89,90.01,0,inf,inf,0
event://748,115.33,89.94,0,inf,inf,0
event://747,115.64,90.01,0,inf,inf,0
event://749,114.96,90.07,0,inf,inf,0
event://750,65.43,270.04,0,inf,inf,0
event://753,66.63,270.05,1,50.7338,289.65,0
event://751,114.13,90.03,0,inf,inf,0
event://752,66.23,270.13,1,48.8184,278.72,0
event://758,69.31,269.89,0,inf,inf,0
event://756,111.73,89.99,0,inf,inf,0
event://757,68.85,270.02,0,inf,inf,0
event://755,67.71,269.98,0,inf,inf,0
event://754,112.85,90.02,0,inf,inf,0
event://759,115.23,90.06,0,inf,inf,0
event://763,64.97,270.03,0,inf,inf,0
event://765,114.74,90.00,0,inf,inf,0
event://760,64.69,270.04,0,inf,inf,0
event://764,65.08,270.15,0,inf,inf,0
event://761,115.26,89.99,0,inf,inf,0
event://762,115.10,89.98,0,inf,inf,0
event://766,65.44,270.00,0,inf,inf,0
event://767,65.51,270.09,0,inf,inf,0
event://772,66.77,269.97,0,inf,inf,0
event://769,114.02,90.02,0,inf,inf,0
event://773,67.24,269.95,0,inf,inf,0
event://768,114.22,89.96,0,inf,inf,0
event://770,66.29,269.94,0,inf,inf,0
event://771,113.41,90.06,1,48.3928,276.29,0
event://774,112.40,90.00,0,inf,inf,0
event://781,71.08,269.77,0,inf,inf,0
event://775,111.97,90.01,0,inf,inf,0
event://779,110.18,89.98,0,inf,inf,0
event://778,69.27,270.03,0,inf,inf,0
event://780,109.63,90.06,0,inf,inf,0
event://776,68.45,270.00,1,47.3003,270.05,0
event://782,66.65,269.93,0,inf,inf,0
event://777,68.85,269.89,0,inf,inf,0
event://784,113.31,90.01,0,inf,inf,0
event://785,66.74,270.01,0,inf,inf,0
event://783,113.29,89.96,0,inf,inf,0
event://789,67.43,270.03,0,inf,inf,0
event://788,67.14,270.04,1,46.9335,267.95,0
event://787,66.90,269.95,0,inf,inf,0
event://786,66.83,269.97,1,50.7920,289.98,0
event://790,112.52,89.95,0,inf,inf,0
event://792,67.84,269.98,0,inf,inf,0
event://793,68.10,270.08,0,inf,inf,0
event://795,111.28,90.05,1,47.9856,273.96,0
event://796,68.97,270.05,0,inf,inf,0
event://791,67.65,270.03,0,inf,inf,0
event://797,69.37,270.02,0,inf,inf,0
event://798,110.31,89.96,0,inf,inf,0
event://794,68.44,269.98,0,inf,inf,0
event://799,70.15,269.98,0,inf,inf,0
event://801,70.91,269.97,0,inf,inf,0
event://802,108.51,89.97,0,inf,inf,0
event://800,109.42,89.98,0,inf,inf,0
event://804,107.48,90.19,1,48.0082,274.09,0
event://803,72.00,269.97,0,inf,inf,0
event://805,68.57,270.02,0,inf,inf,0
event://806,111.42,89.94,1,47.1181,269.01,0
event://810,68.89,270.06,0,inf,inf,0
event://808,68.71,270.01,0,inf,inf,0
event://812,69.31,270.03,0,inf,inf,0
event://809,68.76,269.95,1,49.9047,284.92,0
event://811,69.04,269.95,0,inf,inf,0
event://807,111.37,89.99,0,inf,inf,0
event://813,110.57,90.07,0,inf,inf,0
event://814,110.47,90.04,0,inf,inf,0
event://815,110.29,90.05,1,44.4316,253.67,0
event://816,110.09,90.01,0,inf,inf,0
event://817,109.75,90.01,1,43.7440,249.74,0
event://819,109.22,89.97,0,inf,inf,0
event://820,71.07,269.97,0,inf,inf,0
event://818,70.49,270.00,0,inf,inf,0
event://821,71.45,269.97,0,inf,inf,0
event://822,71.86,270.04,0,inf,inf,0
event://824,72.62,270.03,0,inf,inf,0
event://823,72.22,270.03,0,inf,inf,0
event://826,106.51,89.96,0,inf,inf,0
event://825,106.98,90.03,0,inf,inf,0
event://827,105.88,90.01,0,inf,inf,0
event://828,109.42,89.99,1,48.9952,279.72,0
event://831,70.62,269.99,0,inf,inf,0
event://829,109.48,90.00,0,inf,inf,0
event://832,109.27,89.99,0,inf,inf,0
event://833,109.21,89.99,1,47.5681,271.58,0
event://830,109.38,90.00,0,inf,inf,0
event://835,108.98,89.99,1,45.5103,259.83,0
event://834,109.05,90.05,1,50.7085,289.51,0
event://836,71.30,269.98,0,inf,inf,0
event://837,71.34,270.03,0,inf,inf,0
event://839,71.83,269.98,1,48.4468,276.59,0
event://841,107.73,90.02,0,inf,inf,0
event://843,107.11,90.01,0,inf,inf,0
event://842,107.36,89.99,0,inf,inf,0
event://838,71.60,269.95,0,inf,inf,0
event://840,107.99,90.02,0,inf,inf,0
event://844,106.80,90.00,0,inf,inf,0
event://846,106.08,89.99,0,inf,inf,0
event://850,104.39,89.97,0,inf,inf,0
event://847,74.25,270.01,1,45.8884,261.99,0
event://849,75.14,269.97,0,inf,inf,0
event://848,74.68,270.08,0,inf,inf,0
event://845,73.49,270.02,1,48.8596,278.95,0
event://851,107.42,90.01,1,47.6320,271.94,0
event://852,72.43,270.00,1,50.7903,289.97,0
event://855,72.62,269.98,0,inf,inf,0
event://857,107.13,90.05,0,inf,inf,0
event://854,107.40,90.01,0,inf,inf,0
event://856,107.24,90.02,1,49.9017,284.90,0
event://858,107.04,89.98,0,inf,inf,0
event://859,106.79,90.01,1,49.4838,282.51,0
event://853,72.56,269.96,0,inf,inf,0
event://860,106.67,89.97,0,inf,inf,0
event://861,106.56,89.96,0,inf,inf,0
event://864,74.06,270.05,1,47.6924,272.29,0
event://865,74.35,269.95,1,43.5793,248.80,0
event://868,104.76,90.00,0,inf,inf,0
event://863,106.17,90.02,0,inf,inf,0
event://867,105.06,89.99,0,inf,inf,0
event://866,105.39,90.01,1,44.3651,253.29,0
event://862,106.34,90.03,0,inf,inf,0
event://869,75.59,270.06,0,inf,inf,0
event://873,76.94,269.91,0,inf,inf,0
event://871,76.25,270.02,0,inf,inf,0
event://872,76.61,270.04,0,inf,inf,0
event://870,104.12,90.02,1,46.5653,265.85,0
event://874,74.35,270.00,0,inf,inf,0
event://876,74.51,270.00,0,inf,inf,0
event://877,105.45,90.01,1,44.7996,255.77,0
event://875,105.55,89.98,0,inf,inf,0
event://879,105.34,90.00,0,inf,inf,0
event://881,74.87,269.96,0,inf,inf,0
event://878,105.39,89.99,0,inf,inf,0
event://882,104.99,89.98,0,inf,inf,0
event://880,105.29,90.01,0,inf,inf,0
event://883,104.66,89.91,1,48.7542,278.35,0
event://884,75.37,269.94,0,inf,inf,0
event://886,104.33,89.99,0,inf,inf,0
event://887,104.10,90.02,0,inf,inf,0
event://885,104.51,89.98,0,inf,inf,0
event://891,103.12,90.04,0,inf,inf,0
event://888,76.10,270.00,0,inf,inf,0
event://889,76.34,269.99,0,inf,inf,0
event://892,77.19,270.11,0,inf,inf,0
event://890,103.43,89.98,0,inf,inf,0
event://896,101.51,89.99,0,inf,inf,0
event://895,78.14,269.97,0,inf,inf,0
event://893,102.53,90.00,0,inf,inf,0
event://894,102.22,89.98,0,inf,inf,0
event://897,103.53,90.02,1,50.1683,286.42,0
event://900,76.42,270.01,0,inf,inf,0
event://898,103.60,90.00,0,inf,inf,0
event://902,103.43,90.04,0,inf,inf,0
event://903,103.34,90.00,0,inf,inf,0
event://901,103.50,89.97,1,47.0607,268.68,0
event://904,103.26,89.97,0,inf,inf,0
event://899,76.42,270.01,1,49.8346,284.52,0
event://907,77.29,269.97,0,inf,inf,0
event://906,102.95,90.02,0,inf,inf,0
event://905,76.90,270.03,0,inf,inf,0
event://908,77.27,269.99,0,inf,inf,0
event://911,102.14,89.94,0,inf,inf,0
event://912,101.94,90.00,0,inf,inf,0
event://909,102.56,90.03,1,48.8968,279.16,0
event://914,78.55,270.01,0,inf,inf,0
event://910,77.65,270.03,0,inf,inf,0
event://913,101.67,90.00,0,inf,inf,0
event://915,101.21,90.01,0,inf,inf,0
event://916,100.96,89.98,0,inf,inf,0
event://919,79.92,270.02,0,inf,inf,0
event://917,79.33,269.98,1,50.6851,289.37,0
event://918,100.31,90.02,1,49.2836,281.37,0
event://920,78.28,269.95,0,inf,inf,0
event://922,78.32,270.01,0,inf,inf,0
event://921,101.69,90.00,0,inf,inf,0
event://923,78.38,270.04,0,inf,inf,0
event://924,78.44,269.96,0,inf,inf,0
event://925,78.46,269.99,1,50.7907,289.98,0
event://927,78.65,269.98,0,inf,inf,0
event://930,78.98,269.99,0,inf,inf,0
event://931,100.85,89.94,0,inf,inf,0
event://929,101.16,90.01,0,inf,inf,0
event://928,78.73,270.00,0,inf,inf,0
event://926,78.55,269.99,0,inf,inf,0
event://932,79.27,269.97,0,inf,inf,0
event://933,100.58,90.02,0,inf,inf,0
event://936,99.99,90.00,0,inf,inf,0
event://935,100.23,90.01,0,inf,inf,0
event://934,100.40,90.02,0,inf,inf,0
event://937,99.81,90.00,1,46.5425,265.72,0
event://939,99.35,90.00,0,inf,inf,0
event://940,99.13,90.00,0,inf,inf,0
event://942,98.63,89.98,0,inf,inf,0
event://941,81.12,270.04,0,inf,inf,0
event://938,99.57,90.01,0,inf,inf,0
event://943,80.24,269.99,0,inf,inf,0
event://945,99.72,89.99,2,44.2292,252.51,0
event://944,80.27,269.99,0,inf,inf,0
event://946,80.35,269.99,1,48.9952,279.73,0
event://947,99.61,90.00,1,47.7099,272.39,0
event://950,99.47,90.02,0,inf,inf,0
event://949,99.51,90.00,0,inf,inf,0
event://953,80.84,269.97,0,inf,inf,0
event://951,80.63,270.01,1,48.0150,274.13,0
event://954,99.08,89.98,0,inf,inf,0
event://948,80.42,270.00,1,47.4819,271.09,0
event://952,80.73,269.98,0,inf,inf,0
event://955,81.06,269.99,0,inf,inf,0
event://959,98.33,89.99,0,inf,inf,0
event://958,81.50,270.01,0,inf,inf,0
event://956,81.19,270.00,0,inf,inf,0
event://960,81.84,269.99,0,inf,inf,0
event://957,98.65,90.02,0,inf,inf,0
event://962,97.80,89.99,0,inf,inf,0
event://961,97.97,90.00,0,inf,inf,0
event://963,97.61,89.99,1,49.7153,283.84,0
event://965,82.87,269.96,0,inf,inf,0
event://964,82.62,269.98,0,inf,inf,0
event://966,82.19,270.01,1,46.4374,265.12,0
event://969,82.25,270.00,0,inf,inf,0
event://967,97.79,90.00,1,48.1901,275.13,0
event://968,97.78,89.99,0,inf,inf,0
event://972,82.39,270.01,1,45.7874,261.41,0
event://971,82.31,270.00,0,inf,inf,0
event://973,82.44,270.00,0,inf,inf,0
event://970,82.28,269.99,0,inf,inf,0
event://974,82.50,270.01,1,45.4014,259.21,0
event://977,82.75,270.00,0,inf,inf,0
event://975,97.41,89.99,0,inf,inf,0
event://978,97.12,90.02,0,inf,inf,0
event://976,97.33,90.02,0,inf,inf,0
event://982,83.33,270.03,0,inf,inf,0
event://981,96.79,90.00,0,inf,inf,0
event://979,82.97,270.00,0,inf,inf,0
event://983,96.50,89.99,0,inf,inf,0
event://980,96.91,89.99,0,inf,inf,0
event://984,83.62,269.99,0,inf,inf,0
event://985,83.79,269.98,0,inf,inf,0
event://986,83.94,269.99,0,inf,inf,0
event://988,95.71,89.97,0,inf,inf,0
event://987,95.90,90.01,1,49.5218,282.73,0
event://989,95.83,90.02,0,inf,inf,0
event://990,84.18,270.00,0,inf,inf,0
event://992,84.19,270.00,0,inf,inf,0
event://995,84.28,270.00,1,48.7241,278.18,0
event://991,95.81,90.01,1,48.9184,279.29,0
event://993,84.21,270.00,0,inf,inf,0
event://994,84.25,269.99,0,inf,inf,0
event://996,84.34,270.00,1,44.2712,252.75,0
event://997,84.37,269.99,0,inf,inf,0
event://1001,95.37,89.98,0,inf,inf,0
event://1004,95.07,90.02,0,inf,inf,0
event://998,95.56,90.02,0,inf,inf,0
event://1002,95.28,89.99,0,inf,inf,0
event://1000,95.43,90.01,0,inf,inf,0
event://999,95.51,90.00,0,inf,inf,0
event://1003,95.18,90.01,1,50.2238,286.74,0
event://1011,85.75,269.96,0,inf,inf,0
event://1005,85.00,270.00,0,inf,inf,0
event://1010,85.57,270.00,0,inf,inf,0
event://1008,85.35,270.00,1,43.9125,250.71,0
event://1009,94.54,90.00,1,46.7730,267.04,0
event://1006,85.12,270.01,0,inf,inf,0
event://1012,93.88,90.00,0,inf,inf,0
event://1007,94.78,90.01,0,inf,inf,0
event://1013,86.11,270.01,0,inf,inf,0
event://1014,86.13,269.99,1,49.9662,285.27,0
event://1015,86.13,270.01,0,inf,inf,0
event://1019,86.21,270.00,2,47.3821,270.52,0
event://1020,86.25,269.99,1,50.1625,286.39,0
event://1016,86.14,270.00,1,50.7724,289.87,0
event://1018,93.82,90.00,1,48.3623,276.11,0
event://1017,93.85,89.99,0,inf,inf,0
event://1024,86.43,270.00,0,inf,inf,0
event://1021,93.70,89.99,0,inf,inf,0
event://1025,86.49,270.01,0,inf,inf,0
event://1022,93.66,90.00,0,inf,inf,0
event://1023,93.62,90.00,0,inf,inf,0
event://1026,93.45,90.01,0,inf,inf,0
event://1027,86.60,270.00,0,inf,inf,0
event://1034,87.14,269.98,0,inf,inf,0
event://1028,86.67,270.00,0,inf,inf,0
event://1033,87.06,270.02,0,inf,inf,0
event://1032,86.98,270.00,0,inf,inf,0
event://1030,93.18,90.01,0,inf,inf,0
event://1035,91.94,90.00,0,inf,inf,0
event://1031,93.11,90.01,0,inf,inf,0
event://1029,86.75,270.01,0,inf,inf,0
event://1036,88.05,270.01,0,inf,inf,0
event://1042,91.88,90.00,0,inf,inf,0
event://1039,88.08,270.00,0,inf,inf,0
event://1040,88.08,269.99,0,inf,inf,0
event://1041,88.10,270.00,0,inf,inf,0
event://1038,88.07,270.00,0,inf,inf,0
event://1037,88.06,270.01,1,45.3119,258.70,0
event://1043,88.13,270.00,0,inf,inf,0
event://1048,88.24,270.00,0,inf,inf,0
event://1049,91.78,89.99,0,inf,inf,0
event://1046,88.20,270.00,1,47.0446,268.59,0
event://1045,88.16,270.00,0,inf,inf,0
event://1047,88.22,270.00,0,inf,inf,0
event://1044,91.85,90.00,0,inf,inf,0
event://1050,88.30,270.01,1,49.5364,282.81,0
event://1052,88.37,270.00,0,inf,inf,0
event://1051,88.34,270.00,0,inf,inf,0
event://1053,88.41,270.00,0,inf,inf,0
event://1057,91.44,89.98,0,inf,inf,0
event://1055,91.50,90.00,0,inf,inf,0
event://1056,88.54,269.99,1,47.0863,268.83,0
event://1054,88.45,270.00,0,inf,inf,0
event://1058,90.00,90.00,0,inf,inf,0
event://1059,90.00,90.00,0,inf,inf,0
event://1060,90.00,270.00,0,inf,inf,0
event://1063,90.00,270.00,0,inf,inf,0
event://1061,90.00,270.00,0,inf,inf,0
event://1062,90.00,270.00,0,inf,inf,0
event://1064,90.00,90.00,0,inf,inf,0
event://1065,90.00,270.00,0,inf,inf,0
event://1066,90.00,90.00,0,inf,inf,0
event://1071,90.00,270.00,0,inf,inf,0
event://1072,90.00,270.00,0,inf,inf,0
event://1069,90.00,270.00,0,inf,inf,0
event://1067,90.00,270.00,0,inf,inf,0
event://1070,90.00,90.00,0,inf,inf,0
event://1073,90.00,90.00,0,inf,inf,0
event://1075,90.00,270.00,0,inf,inf,0
event://1078,90.00,270.00,0,inf,inf,0
event://1079,90.00,270.00,0,inf,inf,0
event://1081,55.93,269.96,0,inf,inf,0
event://1074,90.00,270.00,0,inf,inf,0
event://1077,90.00,90.00,0,inf,inf,0
event://1080,90.00,90.00,0,inf,inf,0
event://1076,90.00,270.00,0,inf,inf,0
event://1082,54.43,270.19,0,inf,inf,0
event://1083,52.98,269.93,0,inf,inf,0
event://1084,52.26,269.90,0,inf,inf,0
event://1085,128.53,90.08,0,inf,inf,0
event://1086,128.98,89.94,0,inf,inf,0
event://1087,129.72,90.01,0,inf,inf,0
event://1088,130.41,89.94,0,inf,inf,0
event://1089,130.93,90.09,0,inf,inf,0
event://1090,131.46,90.03,0,inf,inf,0
event://1091,48.02,270.03,0,inf,inf,0
event://1095,46.52,270.08,0,inf,inf,0
event://1093,132.77,89.94,0,inf,inf,0
event://1092,132.44,90.22,0,inf,inf,0
event://1094,133.18,89.96,0,inf,inf,0
event://1096,46.30,269.94,0,inf,inf,0
event://1097,134.01,89.99,0,inf,inf,0
event://1098,45.79,270.09,0,inf,inf,0
event://1099,134.45,90.02,1,48.1503,274.90,0
event://1100,134.58,89.85,0,inf,inf,0
event://1101,45.34,269.93,0,inf,inf,0
event://1102,134.71,90.05,0,inf,inf,0
event://1105,57.37,270.06,0,inf,inf,0
event://1103,45.27,270.02,0,inf,inf,0
event://1106,124.15,90.22,0,inf,inf,0
event://1104,45.19,270.14,0,inf,inf,0
event://1107,125.04,90.00,0,inf,inf,0
event://1108,54.18,270.21,0,inf,inf,0
event://1109,53.50,269.94,0,inf,inf,0
event://1110,52.78,270.00,0,inf,inf,0
event://1111,52.11,269.94,0,inf,inf,0
event://1113,129.03,90.04,0,inf,inf,0
event://1114,50.49,269.94,0,inf,inf,0
event://1112,128.44,89.98,0,inf,inf,0
event://1117,130.74,90.05,0,inf,inf,0
event://1115,130.05,90.12,0,inf,inf,0
event://1116,49.49,269.98,0,inf,inf,0
event://1118,131.21,89.91,0,inf,inf,0
event://1119,131.63,89.95,0,inf,inf,0
event://1120,131.81,89.91,0,inf,inf,0
event://1121,47.89,269.87,0,inf,inf,0
event://1122,47.68,270.12,1,44.6074,254.67,0
event://1123,47.51,270.10,0,inf,inf,0
event://1125,132.81,89.95,0,inf,inf,0
event://1129,120.79,90.21,0,inf,inf,0
event://1124,132.59,90.04,0,inf,inf,0
event://1130,122.70,89.53,1,49.4190,282.14,0
event://1126,47.08,270.02,0,inf,inf,0
event://1127,132.82,89.97,0,inf,inf,0
event://1128,132.81,89.83,0,inf,inf,0
event://1131,123.14,90.03,0,inf,inf,0
event://1132,55.86,270.10,0,inf,inf,0
event://1133,55.28,269.98,1,46.4776,265.35,0
event://1134,54.69,269.89,0,inf,inf,0
event://1136,126.55,89.92,1,48.4404,276.56,0
event://1137,52.90,269.92,0,inf,inf,0
event://1138,52.49,270.03,0,inf,inf,0
event://1135,125.92,90.00,0,inf,inf,0
event://1139,51.96,269.97,0,inf,inf,0
event://1140,51.43,269.95,0,inf,inf,0
event://1142,129.26,89.86,0,inf,inf,0
event://1143,50.44,269.91,0,inf,inf,0
event://1141,128.89,90.14,0,inf,inf,0
event://1144,50.04,270.05,0,inf,inf,0
event://1145,130.15,89.87,0,inf,inf,0
event://1146,49.66,269.95,0,inf,inf,0
event://1147,49.49,269.83,0,inf,inf,0
event://1153,119.91,89.98,0,inf,inf,0
event://1150,130.82,90.36,1,50.7949,290.00,0
event://1148,130.64,90.14,0,inf,inf,0
event://1149,130.64,90.12,0,inf,inf,0
event://1154,59.72,270.34,0,inf,inf,0
event://1151,49.26,269.92,0,inf,inf,0
event://1152,48.94,270.00,0,inf,inf,0
event://1155,58.45,269.95,0,inf,inf,0
event://1156,122.21,90.01,0,inf,inf,0
event://1158,56.54,269.99,0,inf,inf,0
event://1157,122.83,89.89,0,inf,inf,0
event://1160,55.37,270.07,1,44.8319,255.96,0
event://1159,124.06,89.91,0,inf,inf,0
event://1162,125.67,90.11,0,inf,inf,0
event://1163,53.91,270.06,0,inf,inf,0
event://1161,54.73,269.95,0,inf,inf,0
event://1164,126.46,90.11,0,inf,inf,0
event://1166,127.37,90.00,0,inf,inf,0
event://1167,127.71,89.98,1,43.4708,248.18,0
event://1165,53.05,270.09,0,inf,inf,0
event://1169,51.78,270.07,0,inf,inf,0
event://1168,52.10,269.96,0,inf,inf,0
event://1170,51.58,269.75,0,inf,inf,0
event://1171,128.64,90.04,1,48.9364,279.39,0
event://1172,51.25,269.98,0,inf,inf,0
event://1175,128.82,90.08,1,50.7903,289.97,0
event://1173,51.19,269.95,0,inf,inf,0
event://1174,51.07,270.03,1,46.0471,262.89,0
event://1177,62.17,270.57,0,inf,inf,0
event://1176,50.94,269.99,0,inf,inf,0
event://1178,61.30,270.03,0,inf,inf,0
event://1179,60.41,270.09,0,inf,inf,0
event://1180,120.28,89.95,0,inf,inf,0
event://1181,58.98,269.91,0,inf,inf,0
event://1182,58.34,270.00,0,inf,inf,0
event://1183,122.29,90.07,1,49.4085,282.08,0
event://1184,57.16,269.98,0,inf,inf,0
event://1186,123.87,89.97,0,inf,inf,0
event://1188,124.72,89.87,0,inf,inf,0
event://1187,124.24,90.00,0,inf,inf,0
event://1185,56.63,270.02,0,inf,inf,0
event://1189,55.01,269.88,0,inf,inf,0
event://1190,54.54,270.09,0,inf,inf,0
event://1192,125.97,89.96,0,inf,inf,0
event://1191,54.35,269.92,0,inf,inf,0
event://1193,53.80,270.01,0,inf,inf,0
event://1194,126.29,89.93,0,inf,inf,0
event://1201,64.10,269.93,0,inf,inf,0
event://1196,126.78,90.06,0,inf,inf,0
event://1195,53.38,270.09,0,inf,inf,0
event://1199,53.01,269.54,0,inf,inf,0
event://1197,126.82,90.13,0,inf,inf,0
event://1198,126.92,90.02,0,inf,inf,0
event://1200,127.13,90.02,0,inf,inf,0
event://1202,63.47,269.60,0,inf,inf,0
event://1203,62.13,269.72,0,inf,inf,0
event://1204,118.55,89.92,0,inf,inf,0
event://1205,60.78,269.99,0,inf,inf,0
event://1207,59.57,270.02,0,inf,inf,0
event://1206,60.19,270.03,0,inf,inf,0
event://1209,58.46,269.94,0,inf,inf,0
event://1208,120.93,89.98,2,47.3878,270.55,0
event://1210,121.97,89.97,0,inf,inf,0
event://1211,122.39,90.06,0,inf,inf,0
event://1212,122.81,90.05,0,inf,inf,0
event://1214,56.42,269.90,0,inf,inf,0
event://1216,55.90,270.05,0,inf,inf,0
event://1215,56.19,269.90,0,inf,inf,0
event://1213,123.17,90.13,0,inf,inf,0
event://1217,55.70,270.13,0,inf,inf,0
event://1218,124.49,90.11,0,inf,inf,0
event://1219,55.33,270.01,1,44.3101,252.98,0
event://1225,65.48,270.02,1,49.1777,280.77,0
event://1226,64.78,269.97,0,inf,inf,0
event://1221,55.09,270.17,0,inf,inf,0
event://1223,54.95,270.05,0,inf,inf,0
event://1222,124.89,90.04,0,inf,inf,0
event://1220,55.17,270.01,1,44.8768,256.21,0
event://1224,54.87,270.01,1,47.6854,272.25,0
event://1227,116.14,90.22,0,inf,inf,0
event://1228,116.96,89.92,0,inf,inf,0
event://1231,118.61,90.03,0,inf,inf,0
event://1230,118.11,89.98,0,inf,inf,0
event://1233,60.46,269.99,1,45.6284,260.50,0
event://1229,62.52,269.98,0,inf,inf,0
event://1232,119.25,89.95,0,inf,inf,0
event://1234,120.11,90.05,1,47.3730,270.46,0
event://1235,59.47,270.02,0,inf,inf,0
event://1236,59.13,269.97,0,inf,inf,0
event://1237,121.30,90.07,0,inf,inf,0
event://1241,122.35,90.07,0,inf,inf,0
event://1239,58.11,269.94,1,50.7008,289.46,0
event://1240,57.89,270.00,0,inf,inf,0
event://1238,58.33,269.90,0,inf,inf,0
event://1242,122.57,90.03,0,inf,inf,0
event://1249,112.99,90.01,0,inf,inf,0
event://1244,122.90,90.07,0,inf,inf,0
event://1243,57.18,270.00,0,inf,inf,0
event://1245,57.09,269.77,0,inf,inf,0
event://1246,56.81,270.04,0,inf,inf,0
event://1250,113.69,89.56,0,inf,inf,0
event://1248,56.96,270.01,0,inf,inf,0
event://1247,56.87,270.15,0,inf,inf,0
event://1251,114.46,89.90,0,inf,inf,0
event://1252,64.87,269.96,0,inf,inf,0
event://1254,116.27,90.02,0,inf,inf,0
event://1253,115.72,90.00,1,50.3838,287.65,0
event://1258,118.29,89.96,0,inf,inf,0
event://1257,117.75,90.02,0,inf,inf,0
event://1256,117.34,89.97,0,inf,inf,0
event://1255,116.88,89.96,0,inf,inf,0
event://1259,61.37,269.97,0,inf,inf,0
event://1260,119.06,89.96,0,inf,inf,0
event://1261,60.61,270.07,0,inf,inf,0
event://1265,59.61,270.02,0,inf,inf,0
event://1262,119.69,90.01,0,inf,inf,0
event://1263,119.98,89.95,0,inf,inf,0
event://1264,120.27,90.03,0,inf,inf,0
event://1267,59.16,270.09,1,50.6284,289.05,0
event://1266,120.63,90.02,1,46.5506,265.77,0
event://1268,59.22,270.04,0,inf,inf,0
event://1273,111.36,90.04,0,inf,inf,0
event://1269,59.07,269.99,0,inf,inf,0
event://1270,58.88,270.04,0,inf,inf,0
event://1274,67.86,269.97,1,44.6336,254.82,0
event://1272,58.88,270.00,0,inf,inf,0
event://1271,121.16,90.03,1,45.8801,261.94,0
event://1275,67.07,270.01,0,inf,inf,0
event://1276,66.48,269.94,0,inf,inf,0
event://1278,114.57,90.05,0,inf,inf,0
event://1277,65.93,270.00,0,inf,inf,0
event://1281,116.01,89.94,1,49.4810,282.50,0
event://1279,115.05,89.94,0,inf,inf,0
event://1283,63.28,270.00,0,inf,inf,0
event://1280,64.49,269.97,0,inf,inf,0
event://1284,62.79,269.91,0,inf,inf,0
event://1282,116.40,90.01,0,inf,inf,0
event://1285,62.44,269.97,0,inf,inf,0
event://1286,117.77,90.11,0,inf,inf,0
event://1292,61.15,269.99,0,inf,inf,0
event://1290,118.69,89.92,0,inf,inf,0
event://1289,118.52,89.90,0,inf,inf,0
event://1287,61.95,270.01,0,inf,inf,0
event://1291,118.91,89.96,0,inf,inf,0
event://1288,118.27,90.01,1,43.8601,250.41,0
event://1293,60.98,270.00,0,inf,inf,0
event://1297,109.76,89.77,1,48.8206,278.73,0
event://1298,69.26,270.12,0,inf,inf,0
event://1299,111.13,89.98,0,inf,inf,0
event://1300,111.75,90.00,0,inf,inf,0
event://1294,119.20,89.90,0,inf,inf,0
event://1296,60.77,269.98,1,50.7805,289.92,0
event://1295,119.17,89.94,0,inf,inf,0
event://1301,112.30,90.05,0,inf,inf,0
event://1302,112.85,90.00,0,inf,inf,0
event://1303,113.34,90.01,0,inf,inf,0
event://1306,65.46,269.95,0,inf,inf,0
event://1305,114.13,89.98,0,inf,inf,0
event://1307,114.93,89.99,0,inf,inf,0
event://1304,66.20,269.97,0,inf,inf,0
event://1308,64.65,270.05,0,inf,inf,0
event://1311,116.09,89.98,0,inf,inf,0
event://1309,64.39,269.94,1,49.2358,281.10,0
event://1310,115.89,89.93,0,inf,inf,0
event://1312,63.69,269.95,0,inf,inf,0
event://1315,63.20,270.03,0,inf,inf,0
event://1314,116.81,89.97,1,47.1600,269.25,0
event://1313,63.44,270.01,0,inf,inf,0
event://1316,62.97,270.02,0,inf,inf,0
event://1321,108.31,90.03,0,inf,inf,0
event://1322,108.88,90.17,0,inf,inf,0
event://1320,117.31,90.01,0,inf,inf,0
event://1323,109.64,89.93,0,inf,inf,0
event://1324,110.18,89.96,0,inf,inf,0
event://1317,62.82,270.03,0,inf,inf,0
event://1319,62.80,270.01,0,inf,inf,0
event://1318,117.17,89.99,0,inf,inf,0
event://1325,110.78,90.19,0,inf,inf,0
event://1326,111.18,89.98,0,inf,inf,0
event://1327,68.45,269.97,0,inf,inf,0
event://1329,112.41,89.93,0,inf,inf,0
event://1330,112.75,90.06,0,inf,inf,0
event://1331,66.80,269.97,0,inf,inf,0
event://1328,68.01,269.92,0,inf,inf,0
event://1333,66.24,269.97,0,inf,inf,0
event://1332,113.40,89.94,0,inf,inf,0
event://1334,66.00,270.07,0,inf,inf,0
event://1338,65.29,270.01,0,inf,inf,0
event://1336,114.46,89.90,0,inf,inf,0
event://1339,65.08,269.95,0,inf,inf,0
event://1335,65.79,270.05,0,inf,inf,0
event://1337,65.37,269.97,0,inf,inf,0
event://1340,64.94,270.03,0,inf,inf,0
event://1341,64.85,269.88,0,inf,inf,0
event://1345,106.44,89.85,1,46.0270,262.78,0
event://1346,107.46,89.84,0,inf,inf,0
event://1342,115.26,90.04,0,inf,inf,0
event://1344,115.23,90.06,0,inf,inf,0
event://1347,108.01,90.03,0,inf,inf,0
event://1343,64.72,269.97,0,inf,inf,0
event://1348,71.49,270.02,0,inf,inf,0
event://1349,70.95,270.03,1,48.2449,275.44,0
event://1350,70.59,269.99,0,inf,inf,0
event://1351,70.16,269.99,0,inf,inf,0
event://1354,111.03,89.97,0,inf,inf,0
event://1353,69.33,270.06,1,50.4740,288.17,0
event://1352,110.32,90.10,1,47.8777,273.34,0
event://1355,68.74,269.97,1,50.7948,290.00,0
event://1357,111.90,89.93,0,inf,inf,0
event://1356,111.57,90.01,0,inf,inf,0
event://1358,67.82,270.02,0,inf,inf,0
event://1361,67.46,269.92,0,inf,inf,0
event://1362,67.10,270.01,0,inf,inf,0
event://1360,67.49,270.00,0,inf,inf,0
event://1363,113.09,90.12,0,inf,inf,0
event://1359,112.36,89.99,0,inf,inf,0
event://1369,74.68,270.03,0,inf,inf,0
event://1364,113.18,90.05,1,50.5010,288.32,0
event://1370,74.14,269.98,0,inf,inf,0
event://1365,113.25,90.00,0,inf,inf,0
event://1368,66.65,269.93,0,inf,inf,0
event://1366,66.69,270.00,0,inf,inf,0
event://1371,73.49,270.03,0,inf,inf,0
event://1367,66.69,270.02,0,inf,inf,0
event://1372,73.04,270.01,0,inf,inf,0
event://1373,107.36,89.97,0,inf,inf,0
event://1374,107.78,90.01,1,46.4092,264.96,0
event://1375,71.85,269.96,0,inf,inf,0
event://1378,70.76,269.97,0,inf,inf,0
event://1376,108.53,90.07,0,inf,inf,0
event://1377,71.08,270.02,0,inf,inf,0
event://1381,69.92,270.01,1,47.3964,270.60,0
event://1380,70.23,269.99,0,inf,inf,0
event://1379,109.44,90.04,0,inf,inf,0
event://1382,110.30,89.94,0,inf,inf,0
event://1384,69.39,269.94,0,inf,inf,0
event://1383,69.53,269.96,0,inf,inf,0
event://1385,110.68,89.97,0,inf,inf,0
event://1386,69.03,270.04,0,inf,inf,0
event://1393,104.03,90.04,0,inf,inf,0
event://1387,68.89,270.02,1,46.7164,266.71,0
event://1394,104.33,90.08,0,inf,inf,0
event://1388,111.23,90.05,0,inf,inf,0
event://1391,68.58,269.97,0,inf,inf,0
event://1392,111.43,90.02,0,inf,inf,0
event://1390,68.64,270.01,0,inf,inf,0
event://1395,104.87,90.01,0,inf,inf,0
event://1389,68.71,270.01,0,inf,inf,0
event://1396,74.68,269.93,0,inf,inf,0
event://1398,106.07,90.04,0,inf,inf,0
event://1397,74.26,269.98,0,inf,inf,0
event://1400,73.21,270.00,1,47.6884,272.26,0
event://1401,72.89,270.03,1,44.9208,256.46,0
event://1399,73.49,269.99,0,inf,inf,0
event://1402,72.64,270.00,0,inf,inf,0
event://1403,72.28,269.98,1,44.0015,251.21,0
event://1404,107.98,90.00,0,inf,inf,0
event://1405,71.78,270.03,1,50.0136,285.54,0
event://1406,71.59,270.02,1,46.1504,263.48,0
event://1408,71.25,270.01,0,inf,inf,0
event://1407,71.35,270.00,0,inf,inf,0
event://1409,71.03,269.98,0,inf,inf,0
event://1410,70.94,270.00,0,inf,inf,0
event://1417,102.70,89.96,0,inf,inf,0
event://1413,70.61,270.02,0,inf,inf,0
event://1411,70.81,270.01,1,45.5547,260.08,0
event://1412,70.75,270.00,0,inf,inf,0
event://1414,70.58,269.97,0,inf,inf,0
event://1416,109.42,89.99,1,48.9952,279.72,0
event://1418,103.04,90.09,0,inf,inf,0
event://1415,109.48,90.01,1,45.2473,258.33,0
event://1419,76.61,269.97,0,inf,inf,0
event://1420,76.24,269.99,0,inf,inf,0
event://1422,75.57,269.95,1,49.2098,280.95,0
event://1421,75.88,269.99,1,43.6327,249.11,0
event://1423,75.25,269.99,0,inf,inf,0
event://1426,74.36,270.06,1,48.7576,278.37,0
event://1427,74.05,269.94,0,inf,inf,0
event://1424,105.08,90.01,1,50.7886,289.96,0
event://1425,105.38,90.00,1,49.1743,280.75,0
event://1431,73.40,270.06,0,inf,inf,0
event://1428,73.83,270.02,0,inf,inf,0
event://1430,73.40,269.93,0,inf,inf,0
event://1432,73.16,269.93,0,inf,inf,0
event://1434,72.87,269.96,0,inf,inf,0
event://1435,107.24,89.97,0,inf,inf,0
event://1429,73.67,270.03,1,48.7423,278.28,0
event://1433,107.04,90.01,1,47.8795,273.35,0
event://1436,107.38,90.06,0,inf,inf,0
event://1437,72.60,269.98,1,50.7911,289.98,0
event://1441,101.09,90.00,0,inf,inf,0
event://1442,78.49,270.05,0,inf,inf,0
event://1438,72.56,270.04,0,inf,inf,0
event://1440,72.58,270.01,1,47.6320,271.94,0
event://1443,101.86,90.04,0,inf,inf,0
event://1439,107.57,90.00,0,inf,inf,0
event://1444,102.22,90.04,0,inf,inf,0
event://1446,77.19,269.90,0,inf,inf,0
event://1447,103.12,89.96,0,inf,inf,0
event://1445,77.47,270.00,0,inf,inf,0
event://1448,103.44,90.02,0,inf,inf,0
event://1451,75.90,269.97,0,inf,inf,0
event://1450,103.90,89.98,0,inf,inf,0
event://1449,103.67,90.02,0,inf,inf,0
event://1455,75.27,269.97,0,inf,inf,0
event://1454,104.64,90.05,0,inf,inf,0
event://1452,104.32,90.02,0,inf,inf,0
event://1453,104.50,89.99,0,inf,inf,0
event://1456,75.03,270.02,1,49.7952,284.29,0
event://1457,105.13,90.05,0,inf,inf,0
event://1459,105.34,90.03,0,inf,inf,0
event://1461,105.46,90.00,0,inf,inf,0
event://1465,80.39,270.02,0,inf,inf,0
event://1462,74.51,270.01,0,inf,inf,0
event://1458,105.29,89.95,0,inf,inf,0
event://1466,79.94,269.98,0,inf,inf,0
event://1460,74.59,269.99,1,48.1442,274.87,0
event://1464,105.65,90.00,0,inf,inf,0
event://1467,79.69,269.97,1,47.2901,269.99,0
event://1463,74.46,270.03,0,inf,inf,0
event://1468,100.66,90.02,0,inf,inf,0
event://1469,100.96,90.02,0,inf,inf,0
event://1471,78.57,269.99,0,inf,inf,0
event://1472,101.67,90.00,1,43.6961,249.47,0
event://1470,78.78,269.98,1,50.1844,286.51,0
event://1473,101.94,89.99,0,inf,inf,0
event://1474,102.15,89.93,1,50.7042,289.48,0
event://1478,77.23,269.96,1,50.5607,288.66,0
event://1475,77.65,269.97,0,inf,inf,0
event://1476,102.56,89.97,0,inf,inf,0
event://1477,102.72,90.02,0,inf,inf,0
event://1479,102.95,89.95,0,inf,inf,0
event://1482,103.34,90.00,0,inf,inf,0
event://1480,76.90,269.98,0,inf,inf,0
event://1483,76.57,269.98,0,inf,inf,0
event://1481,76.75,270.04,0,inf,inf,0
event://1487,103.61,90.04,0,inf,inf,0
event://1485,76.43,270.00,1,44.0513,251.50,0
event://1484,76.50,270.01,0,inf,inf,0
event://1489,81.78,269.97,1,50.6038,288.91,0
event://1486,103.57,90.00,1,44.9460,256.61,0
event://1490,81.38,270.06,0,inf,inf,0
event://1488,76.47,270.02,1,50.1683,286.42,0
event://1491,98.87,89.96,0,inf,inf,0
event://1492,80.87,270.00,0,inf,inf,0
event://1496,100.00,90.01,0,inf,inf,0
event://1495,99.80,90.01,0,inf,inf,0
event://1493,99.35,89.99,0,inf,inf,0
event://1494,80.43,269.99,0,inf,inf,0
event://1498,100.40,89.98,0,inf,inf,0
event://1497,100.23,90.01,0,inf,inf,0
event://1499,79.43,269.99,0,inf,inf,0
event://1502,78.98,270.00,0,inf,inf,0
event://1501,100.86,90.07,1,48.9893,279.69,0
event://1500,100.72,90.04,0,inf,inf,0
event://1503,78.83,269.98,0,inf,inf,0
event://1505,78.65,269.99,0,inf,inf,0
event://1504,78.73,269.98,0,inf,inf,0
event://1510,78.32,270.02,0,inf,inf,0
event://1509,78.39,269.99,0,inf,inf,0
event://1507,78.46,270.00,0,inf,inf,0
event://1508,78.45,270.02,0,inf,inf,0
event://1506,78.55,270.01,1,50.6358,289.09,0
event://1513,96.85,90.05,1,50.6561,289.21,0
event://1511,78.32,270.02,0,inf,inf,0
event://1514,97.14,90.04,0,inf,inf,0
event://1512,78.28,269.95,0,inf,inf,0
event://1515,82.62,270.01,0,inf,inf,0
event://1516,82.39,270.01,0,inf,inf,0
event://1518,97.97,90.00,0,inf,inf,0
event://1517,97.80,90.00,0,inf,inf,0
event://1520,81.66,269.98,0,inf,inf,0
event://1521,81.50,269.99,1,50.5023,288.33,0
event://1519,81.84,269.99,0,inf,inf,0
event://1522,81.35,269.99,0,inf,inf,0
event://1524,98.94,90.01,0,inf,inf,0
event://1525,80.92,270.02,1,43.6940,249.46,0
event://1526,80.84,270.03,0,inf,inf,0
event://1523,98.81,90.01,0,inf,inf,0
event://1529,80.53,269.99,0,inf,inf,0
event://1528,80.63,270.00,0,inf,inf,0
event://1527,80.73,270.00,0,inf,inf,0
event://1530,99.52,90.00,0,inf,inf,0
event://1532,80.39,270.00,1,49.0447,280.01,0
event://1533,80.34,270.00,0,inf,inf,0
event://1534,80.29,270.00,0,inf,inf,0
event://1537,95.58,90.00,1,50.2295,286.77,0
event://1531,80.42,270.00,0,inf,inf,0
event://1536,80.24,269.99,0,inf,inf,0
event://1538,95.71,90.05,0,inf,inf,0
event://1535,99.73,90.00,0,inf,inf,0
event://1539,95.90,89.99,0,inf,inf,0
event://1540,83.94,270.01,0,inf,inf,0
event://1541,83.79,270.02,0,inf,inf,0
event://1542,83.62,270.01,0,inf,inf,0
event://1543,83.50,270.01,0,inf,inf,0
event://1544,96.67,90.01,1,47.1867,269.40,0
event://1545,83.21,270.00,0,inf,inf,0
event://1548,97.12,89.96,0,inf,inf,0
event://1546,83.09,270.02,0,inf,inf,0
event://1549,97.25,90.00,0,inf,inf,0
event://1547,97.03,90.00,0,inf,inf,0
event://1550,82.68,269.99,2,44.7290,255.37,0
event://1551,97.41,90.01,1,50.7552,289.77,0
event://1552,97.50,89.99,0,inf,inf,0
event://1554,97.62,90.00,0,inf,inf,0
event://1553,97.56,90.00,0,inf,inf,0
event://1557,82.25,270.01,0,inf,inf,0
event://1561,94.08,90.03,0,inf,inf,0
event://1558,97.77,90.01,0,inf,inf,0
event://1562,85.75,270.03,0,inf,inf,0
event://1560,97.81,90.01,1,46.4374,265.12,0
event://1555,82.31,270.00,0,inf,inf,0
event://1563,94.43,90.01,1,50.7494,289.74,0
event://1559,82.21,270.00,0,inf,inf,0
event://1556,82.28,270.01,0,inf,inf,0
event://1564,94.54,90.00,0,inf,inf,0
event://1565,94.66,90.00,0,inf,inf,0
event://1566,94.78,90.00,1,50.1722,286.44,0
event://1568,85.00,270.01,1,45.7038,260.93,0
event://1569,95.09,89.99,0,inf,inf,0
event://1567,94.89,90.00,0,inf,inf,0
event://1571,84.73,270.00,1,50.7696,289.86,0
event://1572,95.36,90.00,0,inf,inf,0
event://1570,84.82,270.00,0,inf,inf,0
event://1573,84.56,269.99,0,inf,inf,0
event://1576,95.62,90.00,0,inf,inf,0
event://1574,84.49,270.00,1,43.7788,249.94,0
event://1577,84.34,270.00,1,46.3345,264.53,0
event://1579,95.75,90.02,0,inf,inf,0
event://1578,95.71,90.01,0,inf,inf,0
event://1575,95.56,89.98,0,inf,inf,0
event://1581,95.81,90.00,0,inf,inf,0
event://1580,84.21,270.00,0,inf,inf,0
event://1585,92.76,90.01,0,inf,inf,0
event://1586,92.86,90.02,0,inf,inf,0
event://1584,95.83,90.02,0,inf,inf,0
event://1582,95.81,89.99,1,48.9714,279.59,0
event://1583,84.18,270.00,0,inf,inf,0
event://1587,87.06,269.98,0,inf,inf,0
event://1588,93.02,90.00,0,inf,inf,0
event://1590,86.82,269.99,0,inf,inf,0
event://1589,86.89,269.99,0,inf,inf,0
event://1593,93.40,89.99,0,inf,inf,0
event://1594,93.44,90.00,0,inf,inf,0
event://1595,93.51,90.00,0,inf,inf,0
event://1591,93.24,89.99,0,inf,inf,0
event://1592,86.67,270.00,0,inf,inf,0
event://1596,93.57,90.00,0,inf,inf,0
event://1597,86.38,270.00,0,inf,inf,0
event://1601,93.79,90.00,0,inf,inf,0
event://1598,93.66,90.00,0,inf,inf,0
event://1600,93.75,90.00,0,inf,inf,0
event://1599,86.30,270.01,0,inf,inf,0
event://1602,93.82,90.01,0,inf,inf,0
event://1604,86.14,270.00,0,inf,inf,0
event://1609,91.28,90.00,0,inf,inf,0
event://1610,88.55,270.01,0,inf,inf,0
event://1603,86.16,270.01,0,inf,inf,0
event://1608,86.12,270.00,0,inf,inf,0
event://1607,93.89,89.99,0,inf,inf,0
event://1605,86.13,269.99,1,49.4983,282.60,0
event://1606,93.88,90.01,0,inf,inf,0
event://1611,91.46,90.01,0,inf,inf,0
event://1612,88.50,270.00,0,inf,inf,0
event://1614,91.59,90.00,0,inf,inf,0
event://1613,91.55,90.00,0,inf,inf,0
event://1618,91.78,90.01,0,inf,inf,0
event://1617,91.70,90.00,0,inf,inf,0
event://1619,91.76,89.99,0,inf,inf,0
event://1615,91.63,90.00,0,inf,inf,0
event://1616,91.66,90.00,0,inf,inf,0
event://1620,91.78,90.00,0,inf,inf,0
event://1621,91.80,90.00,0,inf,inf,0
event://1625,88.12,270.00,0,inf,inf,0
event://1626,88.10,270.00,1,47.5307,271.36,0
event://1627,91.92,90.01,0,inf,inf,0
event://1623,91.85,90.00,1,50.2443,286.86,0
event://1622,88.16,270.00,0,inf,inf,0
event://1624,88.13,270.00,1,49.0323,279.94,0
event://1628,88.08,270.00,0,inf,inf,0
event://1633,90.00,90.00,1,44.6470,254.90,0
event://1629,91.93,89.99,0,inf,inf,0
event://1634,90.00,90.00,0,inf,inf,0
event://1632,88.06,270.00,0,inf,inf,0
event://1635,90.00,270.00,0,inf,inf,0
event://1636,90.00,90.00,0,inf,inf,0
event://1631,91.95,89.98,0,inf,inf,0
event://1637,90.00,90.00,0,inf,inf,0
event://1630,91.94,89.99,0,inf,inf,0
event://1638,90.00,90.00,0,inf,inf,0
event://1639,90.00,270.00,0,inf,inf,0
event://1642,90.00,90.00,0,inf,inf,0
event://1640,90.00,90.00,0,inf,inf,0
event://1641,90.00,90.00,0,inf,inf,0
event://1643,90.00,270.00,0,inf,inf,0
event://1645,90.00,90.00,0,inf,inf,0
event://1644,90.00,270.00,0,inf,inf,0
event://1646,90.00,270.00,0,inf,inf,0
event://1647,90.00,270.00,0,inf,inf,0
event://1648,90.00,90.00,0,inf,inf,0
event://1650,90.00,90.00,0,inf,inf,0
event://1649,90.00,270.00,0,inf,inf,0
event://1651,90.00,270.00,0,inf,inf,0
event://1652,90.00,270.00,0,inf,inf,0
event://1654,90.00,270.00,0,inf,inf,0
event://1653,90.00,90.00,1,47.4875,271.12,0
event://1655,90.00,270.00,0,inf,inf,0
event://1656,90.00,270.00,0,inf,inf,0
